{"data":[{"place id":1,"place name":"Beur","lat":25.61705,"lng":85.182803,"month":"Jan","capacity":"X","flow":"X","Do":"X","Fecal Coliform":"X","filtered BOD":"X","filtered cod":"X","ph":"X","TDS":"X"},
  {"place id":1,"place name":"Beur","lat":25.61705,"lng":85.182803,"month":"feb","capacity":"X","flow":"X","Do":"X","Fecal Coliform":"X","filtered BOD":"X","filtered cod":"X","ph":"X","TDS":"X"},
  {"place id":1,"place name":"Beur","lat":25.61705,"lng":85.182803,"month":"Mar","capacity":"35","flow":"18","Do":"1.3","Fecal Coliform":"5.00E+07","filtered BOD":"18.3","filtered cod":"29.5","ph":"7.7","TDS":"526"},
  {"place id":1,"place name":"Beur","lat":25.61705,"lng":85.182803,"month":"Apr","capacity":"35","flow":"15","Do":"2.2","Fecal Coliform":"2.40E+08","filtered BOD":"21.2","filtered cod":"34","ph":"7.7","TDS":"540"},
  {"place id":1,"place name":"Beur","lat":25.61705,"lng":85.182803,"month":"May","capacity":"35","flow":"16","Do":"1.1","Fecal Coliform":"3.00E+08","filtered BOD":"21.6","filtered cod":"33.6","ph":"7.7","TDS":"570"},
  {"place id":1,"place name":"Beur","lat":25.61705,"lng":85.182803,"month":"Jun","capacity":"35","flow":"17","Do":"0.3","Fecal Coliform":"1.30E+08","filtered BOD":"25.1","filtered cod":"38","ph":"7.6","TDS":"513"},
  {"place id":1,"place name":"Beur","lat":25.61705,"lng":85.182803,"month":"Jul","capacity":"X","flow":"X","Do":"X","Fecal Coliform":"X","filtered BOD":"X","filtered cod":"X","ph":"X","TDS":"X"},
  {"place id":1,"place name":"Beur","lat":25.61705,"lng":85.182803,"month":"Aug","capacity":"X","flow":"X","Do":"X","Fecal Coliform":"X","filtered BOD":"X","filtered cod":"X","ph":"X","TDS":"X"},
  {"place id":1,"place name":"Beur","lat":25.61705,"lng":85.182803,"month":"Sep","capacity":"X","flow":"X","Do":"X","Fecal Coliform":"X","filtered BOD":"X","filtered cod":"X","ph":"X","TDS":"X"},
  {"place id":2,"place name":"Bhagalpur","lat":25.269775,"lng":87.025623,"month":"Jan","capacity":"X","flow":"X","Do":"X","Fecal Coliform":"X","filtered BOD":"X","filtered cod":"X","ph":"X","TDS":"X"},
  {"place id":2,"place name":"Bhagalpur","lat":25.269775,"lng":87.025623,"month":"feb","capacity":"11","flow":"1","Do":"12.8","Fecal Coliform":"8.00E+06","filtered BOD":"22.7","filtered cod":"37.3","ph":"8.6","TDS":"706"},
  {"place id":2,"place name":"Bhagalpur","lat":25.269775,"lng":87.025623,"month":"Mar","capacity":"11","flow":"1.38","Do":"12.3","Fecal Coliform":"4.00E+06","filtered BOD":"19.6","filtered cod":"31.3","ph":"8.7","TDS":"713"},
  {"place id":2,"place name":"Bhagalpur","lat":25.269775,"lng":87.025623,"month":"Apr","capacity":"11","flow":"1.5","Do":"14.5","Fecal Coliform":"1.30E+07","filtered BOD":"23.3","filtered cod":"41.4","ph":"8.6","TDS":"1165"},
  {"place id":2,"place name":"Bhagalpur","lat":25.269775,"lng":87.025623,"month":"May","capacity":"11","flow":"0.6","Do":"15.8","Fecal Coliform":"4.00E+06","filtered BOD":"16.9","filtered cod":"28.8","ph":"8.8","TDS":"839"},
  {"place id":2,"place name":"Bhagalpur","lat":25.269775,"lng":87.025623,"month":"Jun","capacity":"X","flow":"X","Do":"X","Fecal Coliform":"X","filtered BOD":"X","filtered cod":"X","ph":"X","TDS":"X"},
  {"place id":2,"place name":"Bhagalpur","lat":25.269775,"lng":87.025623,"month":"Jul","capacity":"11","flow":"1.33","Do":"10.1","Fecal Coliform":"1.30E+07","filtered BOD":"19.7","filtered cod":"35.5","ph":"8.8","TDS":"615"},
  {"place id":2,"place name":"Bhagalpur","lat":25.269775,"lng":87.025623,"month":"Aug","capacity":"X","flow":"X","Do":"X","Fecal Coliform":"X","filtered BOD":"X","filtered cod":"X","ph":"X","TDS":"X"},
  {"place id":2,"place name":"Bhagalpur","lat":25.269775,"lng":87.025623,"month":"Sep","capacity":"X","flow":"X","Do":"X","Fecal Coliform":"X","filtered BOD":"X","filtered cod":"X","ph":"X","TDS":"X"}]}